{
  "cases": [
    {
      "name": "old_like_plock_off",
      "ts": "TIME_FROM_SYNC_PULSE_IN",
      "pl": false,
      "off": 0,
      "front": 305625,
      "open": 150000,
      "back": 325625,
      "phase": 180000,
      "summary": {
        "samples": 117,
        "fc_mean": 97.89963935991213,
        "fc_min": 91.72235171460834,
        "fc_p01": 91.72235171460834,
        "fc_p05": 94.38885364537315,
        "fps_mean": 9.72587865015063,
        "fps_min": 2.255920449463153,
        "jit_mean": 2849.9494524220395,
        "pps_mean": 2084.2873320276826
      }
    },
    {
      "name": "new_plock_on_best2d",
      "ts": "TIME_FROM_PTP_1588",
      "pl": true,
      "off": 90000,
      "front": 305625,
      "open": 150000,
      "back": 325625,
      "phase": 300000,
      "summary": {
        "samples": 117,
        "fc_mean": 97.65973552373387,
        "fc_min": 87.2610363337004,
        "fc_p01": 87.2610363337004,
        "fc_p05": 92.5548502901516,
        "fps_mean": 9.725248880524067,
        "fps_min": 2.105104208221621,
        "jit_mean": 8727.103900980019,
        "pps_mean": 2112.214889899288
      }
    },
    {
      "name": "plock_on_off0_samephase",
      "ts": "TIME_FROM_PTP_1588",
      "pl": true,
      "off": 0,
      "front": 305625,
      "open": 150000,
      "back": 325625,
      "phase": 300000,
      "summary": {
        "samples": 117,
        "fc_mean": 97.04566984011103,
        "fc_min": 84.06459749374858,
        "fc_p01": 84.06459749374858,
        "fc_p05": 89.46820296098731,
        "fps_mean": 9.727934313500393,
        "fps_min": 2.103886056880799,
        "jit_mean": 4300.97281788681,
        "pps_mean": 2379.03177644881
      }
    }
  ]
}