{
  "timestamp": "20260227_125740",
  "params": {
    "cycle_ns": 781250,
    "stable_open_us": 146.0,
    "test_opens_us": "145,144,143",
    "phase_ns": 180000,
    "close_front_ratio": 0.48433359788359787,
    "duration_s": 60.0,
    "step_s": 0.2,
    "repeats": 2,
    "fail_fc_pct": 95.0,
    "fail_fps": 9.5,
    "base_offset_sec": 2
  },
  "rows": [
    {
      "open_us": 145.0,
      "repeat": 1,
      "entries_ns": [
        308157,
        145000,
        328093
      ],
      "t_drop_s": 7.243570327758789,
      "deficit_B_per_cycle_vs_stable": 124.99999999999964,
      "deficit_Bps_vs_stable": 159999.99999999953,
      "q_est_bytes": 1158971.252441403,
      "summary": {
        "samples": 292,
        "fc_mean": 71.8234730802824,
        "fc_min": 67.57402979691982,
        "fc_p01": 67.57402979691982,
        "fc_p05": 67.57402979691982,
        "fps_mean": 2.929827597862484,
        "fps_min": 1.9295601096232928,
        "jit_mean_us": 11353.343957572315,
        "pps_mean": 1449.5475501524795,
        "bw_mean_mbps": 8.314753454388004
      }
    },
    {
      "open_us": 145.0,
      "repeat": 2,
      "entries_ns": [
        308157,
        145000,
        328093
      ],
      "t_drop_s": 2.384185791015625e-06,
      "deficit_B_per_cycle_vs_stable": 124.99999999999964,
      "deficit_Bps_vs_stable": 159999.99999999953,
      "q_est_bytes": 0.3814697265624989,
      "summary": {
        "samples": 292,
        "fc_mean": 50.15087145270445,
        "fc_min": 45.21228261406184,
        "fc_p01": 45.21228261406184,
        "fc_p05": 45.21228261406184,
        "fps_mean": 1.1121442125475487,
        "fps_min": 0.910405795854148,
        "jit_mean_us": 1674770.7681556994,
        "pps_mean": 889.0552962258754,
        "bw_mean_mbps": 2.544505405153007
      }
    },
    {
      "open_us": 144.0,
      "repeat": 1,
      "entries_ns": [
        308642,
        144000,
        328608
      ],
      "t_drop_s": 9.059906005859375e-06,
      "deficit_B_per_cycle_vs_stable": 249.9999999999993,
      "deficit_Bps_vs_stable": 319999.99999999907,
      "q_est_bytes": 2.8991699218749916,
      "summary": {
        "samples": 294,
        "fc_mean": 39.960458661489376,
        "fc_min": 39.25075272195256,
        "fc_p01": 39.25075272195256,
        "fc_p05": 39.25075272195256,
        "fps_mean": 0.8115722577736322,
        "fps_min": 0.7982163742492382,
        "jit_mean_us": 3648219.8352947556,
        "pps_mean": 649.5135745617047,
        "bw_mean_mbps": 1.7406539235874
      }
    },
    {
      "open_us": 144.0,
      "repeat": 2,
      "entries_ns": [
        308642,
        144000,
        328608
      ],
      "t_drop_s": 1.430511474609375e-06,
      "deficit_B_per_cycle_vs_stable": 249.9999999999993,
      "deficit_Bps_vs_stable": 319999.99999999907,
      "q_est_bytes": 0.45776367187499867,
      "summary": {
        "samples": 294,
        "fc_mean": 39.25075272195256,
        "fc_min": 39.25075272195256,
        "fc_p01": 39.25075272195256,
        "fc_p05": 39.25075272195256,
        "fps_mean": 0.7982163742492382,
        "fps_min": 0.7982163742492382,
        "jit_mean_us": 3839853.767156234,
        "pps_mean": 636.1536342395099,
        "bw_mean_mbps": 1.7054610524544078
      }
    },
    {
      "open_us": 143.0,
      "repeat": 1,
      "entries_ns": [
        309126,
        143000,
        329124
      ],
      "t_drop_s": 2.384185791015625e-06,
      "deficit_B_per_cycle_vs_stable": 374.999999999999,
      "deficit_Bps_vs_stable": 479999.99999999866,
      "q_est_bytes": 1.144409179687497,
      "summary": {
        "samples": 293,
        "fc_mean": 23.05648058771231,
        "fc_min": 22.183566949001246,
        "fc_p01": 22.183566949001246,
        "fc_p05": 22.183566949001246,
        "fps_mean": 0.4736716596900912,
        "fps_min": 0.45608803516903756,
        "jit_mean_us": 2102185.227123356,
        "pps_mean": 504.27469900136174,
        "bw_mean_mbps": 0.9366623605145213
      }
    },
    {
      "open_us": 143.0,
      "repeat": 2,
      "entries_ns": [
        309126,
        143000,
        329124
      ],
      "t_drop_s": 6.198883056640625e-06,
      "deficit_B_per_cycle_vs_stable": 374.999999999999,
      "deficit_Bps_vs_stable": 479999.99999999866,
      "q_est_bytes": 2.9754638671874916,
      "summary": {
        "samples": 294,
        "fc_mean": 21.785639506085342,
        "fc_min": 21.316969406651058,
        "fc_p01": 21.316969406651058,
        "fc_p05": 21.316969406651058,
        "fps_mean": 0.42880386427523004,
        "fps_min": 0.3966691741114123,
        "jit_mean_us": 3270434.9071371676,
        "pps_mean": 463.42678606278247,
        "bw_mean_mbps": 0.835684440292174
      }
    }
  ],
  "q_est_bytes_summary": {
    "n": 6,
    "mean": 193163.18511962835,
    "min": 0.3814697265624989,
    "max": 1158971.252441403,
    "p50": 2.0217895507812442
  }
}