{
  "timestamp": "20260227_130529",
  "params": {
    "cycle_ns": 781250,
    "stable_open_us": 146.0,
    "test_opens_us": "145.5,145,144.5",
    "phase_ns": 180000,
    "close_front_ratio": 0.48433359788359787,
    "duration_s": 70.0,
    "step_s": 0.2,
    "repeats": 2,
    "fail_fc_pct": 90.0,
    "fail_fps": 8.0,
    "warmup_s": 10.0,
    "fail_consecutive": 5,
    "base_offset_sec": 2
  },
  "rows": [
    {
      "open_us": 145.5,
      "repeat": 1,
      "entries_ns": [
        307915,
        145500,
        327835
      ],
      "t_drop_s": null,
      "deficit_B_per_cycle_vs_stable": 62.50000000000152,
      "deficit_Bps_vs_stable": 80000.00000000194,
      "q_est_bytes": null,
      "summary": {
        "samples": 324,
        "fc_mean": 99.55913553752836,
        "fc_min": 87.98232053364717,
        "fc_p01": 93.72669620806717,
        "fc_p05": 98.13767105484165,
        "fps_mean": 9.758476946168972,
        "fps_min": 1.9675056010540521,
        "jit_mean_us": 6136.055606278654,
        "pps_mean": 1736.3298176753055,
        "bw_mean_mbps": 33.141198759459435
      }
    },
    {
      "open_us": 145.5,
      "repeat": 2,
      "entries_ns": [
        307915,
        145500,
        327835
      ],
      "t_drop_s": null,
      "deficit_B_per_cycle_vs_stable": 62.50000000000152,
      "deficit_Bps_vs_stable": 80000.00000000194,
      "q_est_bytes": null,
      "summary": {
        "samples": 324,
        "fc_mean": 99.13328802923157,
        "fc_min": 93.30090181178491,
        "fc_p01": 94.49826156230726,
        "fc_p05": 96.4101679376577,
        "fps_mean": 10.003950364984656,
        "fps_min": 9.956491220192548,
        "jit_mean_us": 1673.392631484231,
        "pps_mean": 1862.876208800579,
        "bw_mean_mbps": 33.79581939417284
      }
    },
    {
      "open_us": 145.0,
      "repeat": 1,
      "entries_ns": [
        308157,
        145000,
        328093
      ],
      "t_drop_s": 10.915982246398926,
      "deficit_B_per_cycle_vs_stable": 124.99999999999964,
      "deficit_Bps_vs_stable": 159999.99999999953,
      "q_est_bytes": 1746557.159423823,
      "summary": {
        "samples": 342,
        "fc_mean": 46.05056486574381,
        "fc_min": 19.662321681080233,
        "fc_p01": 19.662321681080233,
        "fc_p05": 19.662321681080233,
        "fps_mean": 6.170117773262011,
        "fps_min": 1.2344154971639396,
        "jit_mean_us": 239434.0416133576,
        "pps_mean": 730.5100352852957,
        "bw_mean_mbps": 11.071513265580531
      }
    },
    {
      "open_us": 145.0,
      "repeat": 2,
      "entries_ns": [
        308157,
        145000,
        328093
      ],
      "t_drop_s": 10.997150182723999,
      "deficit_B_per_cycle_vs_stable": 124.99999999999964,
      "deficit_Bps_vs_stable": 159999.99999999953,
      "q_est_bytes": 1759544.0292358347,
      "summary": {
        "samples": 343,
        "fc_mean": 16.57151126080461,
        "fc_min": 14.989484689846892,
        "fc_p01": 15.201999486369855,
        "fc_p05": 15.201999486369855,
        "fps_mean": 0.845199669830607,
        "fps_min": 0.6695547711537473,
        "jit_mean_us": 634498.0751642887,
        "pps_mean": 270.42332327097995,
        "bw_mean_mbps": 1.1197048732490533
      }
    },
    {
      "open_us": 144.5,
      "repeat": 1,
      "entries_ns": [
        308399,
        144500,
        328351
      ],
      "t_drop_s": 10.86679744720459,
      "deficit_B_per_cycle_vs_stable": 187.50000000000117,
      "deficit_Bps_vs_stable": 240000.00000000148,
      "q_est_bytes": 2608031.387329118,
      "summary": {
        "samples": 341,
        "fc_mean": 24.127336977677057,
        "fc_min": 15.201999486369855,
        "fc_p01": 15.201999486369855,
        "fc_p05": 15.201999486369855,
        "fps_mean": 0.43511251731867767,
        "fps_min": 0.21424070589969021,
        "jit_mean_us": 582427.0633938554,
        "pps_mean": 442.64391833167866,
        "bw_mean_mbps": 0.450305308199698
      }
    },
    {
      "open_us": 144.5,
      "repeat": 2,
      "entries_ns": [
        308399,
        144500,
        328351
      ],
      "t_drop_s": 10.85573124885559,
      "deficit_B_per_cycle_vs_stable": 187.50000000000117,
      "deficit_Bps_vs_stable": 240000.00000000148,
      "q_est_bytes": 2605375.499725358,
      "summary": {
        "samples": 343,
        "fc_mean": 60.42374017126698,
        "fc_min": 26.960006157384107,
        "fc_p01": 26.960006157384107,
        "fc_p05": 26.960006157384107,
        "fps_mean": 2.317686783989552,
        "fps_min": 0.5984230137383022,
        "jit_mean_us": 436954.4767426459,
        "pps_mean": 1955.8926496818356,
        "bw_mean_mbps": 4.289913053466803
      }
    }
  ],
  "q_est_bytes_summary": {
    "n": 4,
    "mean": 2179877.0189285334,
    "min": 1746557.159423823,
    "max": 2608031.387329118,
    "p50": 2182459.7644805964
  }
}